id,first_name,last_name,username
33-9509300,Cleo,Shemilt,cshemilt0
67-9675893,Sarajane,Blockey,sblockey1
82-1822725,Zolly,Arstall,zarstall2
06-5561365,Giuseppe,Farrell,gfarrell3
34-6764614,Aeriell,Gosse,agosse4
09-5953162,Munmro,McPhail,mmcphail5
37-2251828,Felice,Durtnal,fdurtnal6
83-2891969,Reina,Picardo,rpicardo7
66-3126664,Idaline,Waith,iwaith8
88-1010345,Sayre,Maeer,smaeer9
12-2297610,Kym,Lello,klelloa
53-6985917,Christy,Neubigging,cneubiggingb
34-7891317,Osmund,Rawlence,orawlencec
42-8311365,Florenza,Caldayrou,fcaldayroud
41-0972209,Marian,Gillbe,mgillbee
32-8105644,Grove,Harmond,gharmondf
55-4702913,Lynett,Ayrton,layrtong
29-1058817,Violetta,Swinfen,vswinfenh
11-9658608,Barbe,Akenhead,bakenheadi
22-7533920,Sigismond,Sneezem,ssneezemj
78-4774994,Kristel,Trusler,ktruslerk
06-8821125,Layne,Sherwood,lsherwoodl
37-4375515,Herold,Mainwaring,hmainwaringm
37-1994206,Logan,Astbury,lastburyn
23-6630525,Marcos,Vockins,mvockinso
74-8946890,Gavra,Keggin,gkegginp
96-8076189,Whit,Roskeilly,wroskeillyq
07-5439897,Sherrie,Gresly,sgreslyr
11-3526825,Lanny,Hovell,lhovells
64-7604019,Worthy,Daymond,wdaymondt
06-5841307,Cami,Robardey,crobardeyu
70-9402095,Avigdor,Imrie,aimriev
45-7500760,Emilie,Lamb-shine,elambshinew
27-9187965,Francklyn,Saveall,fsaveallx
72-0509498,Isidore,Markos,imarkosy
24-8351861,Sebastien,Delacour,sdelacourz
28-2355250,Rafe,McMeeking,rmcmeeking10
23-4995472,Zachary,Stidson,zstidson11
59-2282488,Pauletta,Cosin,pcosin12
70-6081077,Tiphani,Kuhnke,tkuhnke13
26-5379486,Miner,Cantillion,mcantillion14
13-6956914,Gherardo,Baldry,gbaldry15
59-7361702,Vivienne,Eburah,veburah16
38-1305560,Grantham,Awton,gawton17
63-5779854,Maris,Bushell,mbushell18
70-8919954,Bibi,Lauret,blauret19
90-3242527,Hervey,Cordingley,hcordingley1a
45-6747260,Hilary,Pallatina,hpallatina1b
03-6928088,Craggy,O'Dee,codee1c
62-8617335,Cristabel,Kenset,ckenset1d
